"Abel",
"Albert",
"Alethia",
"Alvin",
"Apryl",
"Arminda",
"Arnulfo",
"Aubrey",
"Audrea",
"Barrett",
"Benton",
"Bobby",
"Boyd",
"Brain",
"Brenna",
"Bridgette",
"Bruce",
"Camellia",
"Caren",
"Carl",
"Carolee",
"Celsa",
"Chad",
"Columbus",
"Cordell",
"Corie",
"Cris",
"Cristine",
"Dana",
"Danille",
"Daren",
"Darryl",
"Dave",
"Dayle",
"Delora",
"Delpha",
"Denise",
"Dewayne",
"Dewitt",
"Dick",
"Domenic",
"Donn",
"Dorothea",
"Doug",
"Ebonie",
"Elicia",
"Elmo",
"Elodia",
"Elton",
"Elvera",
"Emery",
"Enrique",
"Erwin",
"Esperanza",
"Ethan",
"Evangeline",
"Faith",
"Fidelia",
"Foster",
"Francisco",
"Frida",
"Gale",
"Galen",
"Garfield",
"Gavin",
"Gemma",
"Gena",
"Geoffrey",
"Gerald",
"Geraldo",
"Gerardo",
"Gonzalo",
"Granville",
"Hal",
"Hanna",
"Heath",
"Herlinda",
"Hildegard",
"Hildegarde",
"Hiram",
"Hong",
"Huong",
"Inga",
"Irving",
"Jamal",
"Jamar",
"Jame",
"Jarod",
"Jarred",
"Jenifer",
"Jeramy",
"Jerrod",
"Joey",
"Jon",
"Julene",
"Justin",
"Kari",
"Keely",
"Lanora",
"Lara",
"Latashia",
"Laurine",
"Lavone",
"Lawanda",
"Lee",
"Leigh",
"Les",
"Lester",
"Lin",
"Lola",
"Lore",
"Louis",
"Lowell",
"Ludie",
"Luvenia",
"Man",
"Manda",
"Marcellus",
"Marguerita",
"Marianna",
"Maribel",
"Marivel",
"Marx",
"Maryln",
"Mason",
"Mattie",
"Maudie",
"Maxima",
"Maxine",
"Melynda",
"Merrilee",
"Mertie",
"Mervin",
"Milan",
"Miles",
"Mirian",
"Monika",
"Morris",
"Nathanael",
"Nelson",
"Olin",
"Otis",
"Ozell",
"Paulina",
"Pearlene",
"Pearline",
"Phil",
"Pia",
"Piedad",
"Prince",
"Racquel",
"Rana",
"Raul",
"Ray",
"Raye",
"Reginia",
"Rigoberto",
"Robin",
"Rochel",
"Rossana",
"Roy",
"Sandi",
"Sandra",
"Senaida",
"Sharice",
"Sharolyn",
"Shela",
"Solomon",
"Sona",
"Stefanie",
"Sun",
"Syreeta",
"Tamela",
"Tamera",
"Tanya",
"Terrence",
"Theo",
"Theodora",
"Thomas",
"Towanda",
"Trent",
"Treva",
"Tyler",
"Verda",
"Wai",
"Weston",
"William",
"Woodrow",
"Xavier",
"Yadira",
"Yvone",
"Zofia"