"Abbott",
"Abernathy",
"Adams",
"Armstrong",
"Auer",
"Bahringer",
"Balistreri",
"Bartoletti",
"Batz",
"Beahan",
"Beatty",
"Becker",
"Bednar",
"Bergnaum",
"Bergstrom",
"Bernier",
"Blick",
"Bogan",
"Borer",
"Bosco",
"Boyer",
"Braun",
"Brown",
"Buckridge",
"Cartwright",
"Cole",
"Connelly",
"Crist",
"Crooks",
"D'Amore",
"Daniel",
"Dare",
"Dickens",
"Dietrich",
"Emard",
"Emmerich",
"Fahey",
"Farrell",
"Feeney",
"Feest",
"Feil",
"Ferry",
"Gerlach",
"Gislason",
"Gleichner",
"Goldner",
"Goodwin",
"Gottlieb",
"Harris",
"Hartmann",
"Harvey",
"Hettinger",
"Hickle",
"Hintz",
"Hirthe",
"Hodkiewicz",
"Hoeger",
"Homenick",
"Howe",
"Hudson",
"Huel",
"Huels",
"Jacobson",
"Jakubowski",
"Jaskolski",
"Jenkins",
"Jerde",
"Johns",
"Johnson",
"Kautzer",
"Kerluke",
"Kessler",
"Kiehn",
"Kihn",
"Kling",
"Koch",
"Krajcik",
"Kreiger",
"Kuhlman",
"Kuhn",
"Kunze",
"Kutch",
"Labadie",
"Lakin",
"Larkin",
"Leffler",
"Lehner",
"Lemke",
"Lesch",
"Lindgren",
"Lockman",
"Lowe",
"Marks",
"Marvin",
"McKenzie",
"Medhurst",
"Mills",
"Moen",
"Monahan",
"Mraz",
"Muller",
"Murphy",
"Murray",
"Nicolas",
"Nitzsche",
"O'Connell",
"O'Conner",
"O'Hara",
"Oberbrunner",
"Ondricka",
"Ortiz",
"Pacocha",
"Parker",
"Pfannerstill",
"Pfeffer",
"Pollich",
"Purdy",
"Quigley",
"Raynor",
"Rempel",
"Renner",
"Reynolds",
"Rippin",
"Rogahn",
"Romaguera",
"Roob",
"Rutherford",
"Sanford",
"Satterfield",
"Schamberger",
"Schinner",
"Schmeler",
"Schmidt",
"Schmitt",
"Schowalter",
"Schulist",
"Schuppe",
"Sipes",
"Smitham",
"Spencer",
"Spinka",
"Sporer",
"Stokes",
"Stoltenberg",
"Stracke",
"Thiel",
"Trantow",
"Turcotte",
"Turner",
"Volkman",
"VonRueden",
"Walker",
"Ward",
"Watsica",
"Wehner",
"Welch",
"Williamson",
"Windler",
"Wintheiser",
"Wuckert",
"Yost",
"Yundt",
"Zieme"