"Acai Berry",
"Almond",
"Amaretto",
"Anise",
"Apple",
"Apricot",
"Bacon",
"Banana",
"Bavarian Cream",
"Berry Cola",
"Birch Beer",
"Black Cherry",
"Black Currant",
"Black Licorice",
"Black Walnut",
"Blackberry",
"Blue Raspberry",
"Blueberry",
"Bourbon",
"Bubble Gum",
"Butter",
"Butter Almond",
"Butter Milk",
"Butter Pecan",
"Butter Rum",
"Butter Toffee",
"Butterscotch",
"Cake Batter",
"Candy Corn",
"Caramel",
"Caramel Cream",
"Carmel Apple",
"Carrot Cake",
"Cheesecake",
"Cherry",
"Cherry Cola",
"Cherry Cream Spice",
"Chocolate",
"Chocolate Mint",
"Cinnamon",
"Cinnamon Roll",
"Coconut",
"Coffee",
"Cola",
"Cookie Dough",
"Cotton Candy",
"Cranberry",
"Cream Soda",
"Creme de Menthe",
"Dill Pickle",
"Doughnut",
"Egg Nog",
"Elderberry",
"Eucalyptus",
"Fenugreek",
"Flan",
"Fruit Punch",
"Fuzzy Navel",
"Ginger Ale",
"Ginger Beer",
"Ginger Lime",
"Gingersnap",
"Graham Cracker",
"Grand Mariner",
"Grape",
"Grapefruit",
"Green Onion",
"Hazelnut",
"Honey",
"Horchata",
"Huckleberry",
"Irish Cream",
"Irish Whiskey",
"Kettle Corn",
"Key Lime",
"Kiwi",
"Lemon",
"Lemon Bar",
"Lemon Custard",
"Lemon Lime",
"Lemonade",
"Lime",
"Long Island Tea",
"Macadamia Nut",
"Malted Milk",
"Mango",
"Mango Orange Pineapple",
"Maple",
"Margarita",
"Marshmallow",
"Melon",
"Melon Kiwi",
"Mint",
"Mixed Berry",
"Mocha",
"Mocha Irish Cream",
"Mojito",
"Nutmeg",
"Orange",
"Orange Brandy",
"Orange Cream",
"Orange Mandarin",
"Orange Mango",
"Orange Pineapple",
"Papaya",
"Passion Fruit",
"Peach",
"Peanut",
"Pear",
"Pecan",
"Pecan Roll",
"Peppermint",
"Pina Colada",
"Pineapple",
"Pink Lemonade",
"Pistachio",
"Plantation Punch",
"Plum",
"Pomegranate",
"Prickly Pear",
"Pumpkin",
"Pumpkin Pie",
"Punch",
"Quinine",
"Raspberry",
"Raspberry Ginger Ale",
"Rock and Rye",
"Root Beer",
"Rum",
"Sarsaparilla",
"Sassafras",
"Smoke",
"Sour",
"Spearmint",
"Spice",
"Strawberry",
"Strawberry Kiwi",
"Tangerine",
"Tart Lemon",
"Tequila",
"Toasted Coconut",
"Toffee",
"Tonic",
"Tropical Punch",
"Tutti Frutti",
"Vanilla",
"Vanilla Cream",
"Watermelon",
"Whipped Cream",
"White Chocolate",
"Wild Cherry Cream",
"Wintergreen"