"100 Faucibus. St.",
"1009 Massa. Ave",
"102-1455 Magna. St.",
"102-2535 Morbi Avenue",
"1035 Tellus. St.",
"107-5773 Curae; St.",
"1117 Felis. Rd.",
"1118 Ac Ave",
"1128 Ultricies Rd.",
"115-2623 Dui St.",
"1175 Hendrerit Ave",
"120-230 Molestie Rd.",
"122-9458 Erat, St.",
"1243 Orci Rd.",
"125 Dolor. Avenue",
"126-8450 Metus Av.",
"1274 Tempus Rd.",
"128-2240 Dolor St.",
"1285 Mi Street",
"1313 Aenean Street",
"136-8671 Vivamus St.",
"137-7980 Arcu. Rd.",
"142-8683 Duis Av.",
"144-5209 Libero. Ave",
"148 Eget, Road",
"149-2143 Metus. St.",
"1497 Adipiscing St.",
"152-801 Nec Av.",
"152-8353 Proin Rd.",
"154-2565 Mauris Rd.",
"154-4039 Tristique Ave",
"157-6360 Accumsan St.",
"157-7141 Tincidunt. Road",
"1587 Pharetra Avenue",
"1590 Arcu Road",
"161-7158 Auctor Ave",
"162-8955 Erat St.",
"164-4328 Erat Road",
"1676 Dui. Rd.",
"168-2826 Ipsum Road",
"170 Elit. Road",
"172-917 Penatibus St.",
"180-819 Felis St.",
"1801 Magnis St.",
"1829 Semper Avenue",
"1840 Ligula. St.",
"188-3228 Lobortis St.",
"191-6712 Ornare, Avenue",
"1913 Amet Ave",
"1921 Tristique St.",
"1952 Neque. Av.",
"1958 Interdum Street",
"196-8281 Sollicitudin Av.",
"203-8218 Molestie Road",
"2057 Posuere St.",
"210-843 Eu Avenue",
"214-6631 Ut, Rd.",
"216-1213 Ultrices Ave",
"216-1914 Suspendisse Road",
"216-2590 Massa. Av.",
"221-5981 Cursus. Ave",
"223-2713 Fusce Rd.",
"2241 Turpis St.",
"230-6119 Arcu. Rd.",
"2301 Sed Street",
"232-1222 Placerat Road",
"2320 Urna Road",
"2322 Ac Av.",
"233-8063 Quisque St.",
"234-8149 Arcu St.",
"235-7497 Pellentesque, St.",
"2375 Nec, Avenue",
"242-3228 Iaculis St.",
"245-4946 Velit Road",
"2455 Eu Street",
"247-5809 Tortor Street",
"247-7484 Nullam Avenue",
"254 Sem Av.",
"255-4918 Dictum Ave",
"2553 Risus. Ave",
"2616 Purus. Street",
"2648 Egestas. St.",
"2659 Et Av.",
"2685 Nisi Av.",
"271-5340 Nulla. Street",
"271-9059 At Rd.",
"2731 Malesuada Street",
"274 Luctus. Ave",
"2778 Ante. Ave",
"2826 Dictum. Road",
"283-3174 Fermentum Av.",
"283-5312 Mollis. Ave",
"289-2176 Interdum St.",
"2896 Massa Rd.",
"2915 Et Street",
"292-328 Egestas. St.",
"2948 Convallis St.",
"2974 Nisl. St.",
"298-2365 Lacinia Street",
"299-5516 Velit Street",
"3007 Donec Av.",
"301-5053 Aenean St.",
"3052 Eleifend St.",
"3070 Aliquam Avenue",
"3079 Sit St.",
"308-3396 Cum Rd.",
"312-8033 Lorem Road",
"3131 Lorem. Ave",
"3136 Vivamus St.",
"315-6557 A Avenue",
"315-7035 Pede. Rd.",
"3164 Proin St.",
"318-6624 Fringilla Road",
"3181 Amet Avenue",
"3201 Tempor St.",
"323-2491 Metus Street",
"324-2458 Purus. St.",
"328-9715 Diam Avenue",
"329-2476 Ut Ave",
"329-6600 Vivamus St.",
"330-4355 Odio Rd.",
"3305 Tellus. Road",
"332-8209 Mollis. St.",
"332-944 Semper St.",
"3354 Ac Ave",
"3384 Nulla. Street",
"3391 Nec St.",
"343-3391 Enim Rd.",
"344-8558 Neque St.",
"3495 Vehicula Av.",
"350-295 Ornare Avenue",
"3523 Bibendum St.",
"353-4043 Etiam St.",
"3565 Molestie Rd.",
"361-1117 Sit Rd.",
"3615 Nunc Ave",
"365-2385 Aliquet St.",
"3687 Sem Street",
"369-5988 Integer Avenue",
"3802 Lacus Rd.",
"3811 Eros. Rd.",
"3819 Pellentesque Road",
"382-1427 Penatibus Avenue",
"386-4271 Ac Av.",
"386-6620 At Road",
"389-5461 Erat, St.",
"3893 Fringilla Av.",
"391-7634 Mauris. Road",
"4009 A Road",
"4024 Tristique Av.",
"4037 Varius. Av.",
"4066 Integer Ave",
"4067 Elit Rd.",
"411-2403 Id Street",
"4114 Imperdiet Av.",
"4116 Ipsum. Street",
"412-6587 Mollis. St.",
"413 Risus. Avenue",
"4130 Auctor Rd.",
"4147 Et Av.",
"415-2575 Integer Road",
"4181 Lectus. St.",
"419-1622 Cum Street",
"424-9137 Fermentum Rd.",
"425-3639 Tempor Street",
"4274 Eu Rd.",
"433-6981 Placerat, Ave",
"4345 Non Avenue",
"4361 Mauris. Rd.",
"437-6000 Primis St.",
"439-8025 Rhoncus. St.",
"441-3559 Turpis Avenue",
"4410 Ullamcorper, Road",
"4417 Aliquet Avenue",
"4421 Ac Street",
"449-2421 Nec, Av.",
"4500 Molestie St.",
"455-5889 Velit St.",
"4559 Vitae Rd.",
"456-1820 Erat. Avenue",
"456-327 Urna. Street",
"456-9547 Ac Avenue",
"457-9782 Ac Street",
"461-4596 Morbi St.",
"465-3177 In, St.",
"4660 Sit Av.",
"4679 Arcu Street",
"468-6203 Pharetra. Ave",
"469-6210 Eu Rd.",
"473-8850 Tellus Street",
"4784 Odio, St.",
"480-5013 Quam. Road",
"484-2736 Erat Av.",
"484-5584 Habitant Rd.",
"4846 Mauris St.",
"485-5635 Eget Rd.",
"4853 Amet Avenue",
"487-4311 Sodales Road",
"4875 Erat. Av.",
"489-4833 Sodales St.",
"4891 Quisque Av.",
"4905 Lobortis. Av.",
"491-4463 Ipsum. St.",
"495-7116 Amet St.",
"499-7950 Pede. St.",
"501-7138 Nec Av.",
"503-6234 At Av.",
"5048 Nunc Av.",
"506-5313 Elit, St.",
"5061 Cras Rd.",
"510-1139 Tincidunt Av.",
"5111 Aliquet St.",
"513 Sed Road",
"514-6546 Donec St.",
"515-1996 Dictum Av.",
"5158 Eu Street",
"5161 Ac Rd.",
"5168 Ullamcorper, Av.",
"517-2483 Semper. Ave",
"518-9200 Non Rd.",
"521-2338 Tellus Ave",
"5220 Augue St.",
"5233 Ac Street",
"5238 Integer St.",
"525-8975 Urna. Street",
"526 Fusce Road",
"5266 Neque Avenue",
"530-1753 Dignissim. Av.",
"5333 Sem Avenue",
"536-9303 Ullamcorper, St.",
"5388 Lorem Rd.",
"541-3580 Facilisis Ave",
"541-428 Nulla Avenue",
"5464 Neque Rd.",
"5494 Ut St.",
"550-3323 Mollis Ave",
"556-4465 Eros Street",
"5567 Rutrum, St.",
"557-2393 Nec, Av.",
"5589 In Avenue",
"5617 Adipiscing Rd.",
"562-9988 Bibendum Rd.",
"5630 In Street",
"564-7769 Et Ave",
"5689 Sit Road",
"569 Dolor Ave",
"5695 Purus. St.",
"5721 Euismod Av.",
"573-7280 Pretium Road",
"577-1087 Ultrices. Avenue",
"577-9037 Curabitur Road",
"5784 Blandit Ave",
"583-4703 Tincidunt Av.",
"585-2257 Vestibulum Avenue",
"5855 Curabitur St.",
"5914 Tempor Ave",
"593-1014 Cras St.",
"5990 Suspendisse Ave",
"600 Non St.",
"6007 Sagittis St.",
"602-6746 Cursus Rd.",
"6023 Luctus Avenue",
"6029 Diam Avenue",
"6033 Egestas Avenue",
"605-3043 Faucibus. Av.",
"605-8510 Primis St.",
"6056 Ornare, Avenue",
"606-5793 Tincidunt, Road",
"607-7126 Placerat. St.",
"607-897 Et Street",
"6070 Commodo Rd.",
"6077 Proin St.",
"614-1454 Ipsum St.",
"617-4826 Lorem Av.",
"6174 Enim. Ave",
"618-9723 Metus. Road",
"6189 Lorem Rd.",
"619-6887 Sapien, Rd.",
"6196 Arcu Road",
"6213 Tincidunt Road",
"622-7390 Est, Ave",
"623-938 Enim. St.",
"628-9145 Vitae, Avenue",
"630-7027 Leo. Avenue",
"6328 Pharetra Ave",
"6329 Justo Rd.",
"635-7304 Est Rd.",
"6358 Neque Rd.",
"636 Arcu. Road",
"6364 Massa Av.",
"6373 Non Av.",
"638-5849 Aenean St.",
"6395 Tristique Av.",
"646-5786 At, Road",
"648 Eu Rd.",
"6493 In St.",
"6495 Lectus, Rd.",
"653-9898 Neque. Av.",
"6532 Erat, Road",
"6551 Pede Street",
"657-2402 Sem Rd.",
"657-7683 Dis Ave",
"659-6483 Lobortis St.",
"6592 Ipsum Rd.",
"6613 Ornare. Avenue",
"6663 Et Rd.",
"667-721 Lorem Ave",
"672 A Ave",
"676-4859 Convallis Rd.",
"676-6530 Fringilla Rd.",
"681-8601 Nunc Avenue",
"687-3582 Pharetra Rd.",
"6908 Ultricies Street",
"694-6853 Nam Rd.",
"7043 Malesuada St.",
"7084 Diam. Ave",
"709-5169 Erat Avenue",
"7095 Dapibus St.",
"7104 Vestibulum, Ave",
"7184 Lobortis Ave",
"719-1133 Nulla. Street",
"7191 Aenean Avenue",
"7198 Eu Rd.",
"722-328 Phasellus Avenue",
"727-8286 Mi. Avenue",
"7293 Cursus Street",
"732-4000 Mauris. Rd.",
"7364 Sed St.",
"737 Velit Rd.",
"7455 Morbi Road",
"7462 Ultrices. St.",
"747-533 Magna. Rd.",
"747-8881 Penatibus St.",
"7474 Odio, Rd.",
"7475 Neque St.",
"7487 Euismod Street",
"751-3652 Orci Avenue",
"753 Sodales St.",
"753-2216 Magnis Ave",
"7536 Purus Av.",
"7540 Mi. St.",
"7566 Cras Rd.",
"7575 Natoque Rd.",
"758-8170 Pharetra St.",
"764-125 Ut, Rd.",
"766-1013 Lacinia Rd.",
"767-1537 Vitae Rd.",
"7673 Risus. Street",
"769-1124 Id Street",
"7700 Consectetuer St.",
"7743 Amet St.",
"7748 Aliquet. Street",
"776-754 Nascetur Av.",
"7777 Interdum. Road",
"778-644 Nullam Ave",
"781-8490 Magna St.",
"782-4874 Dolor Av.",
"784-4494 Convallis, Avenue",
"7849 Neque St.",
"785-9673 Aliquam St.",
"789-3293 Pretium Road",
"791-4036 Nullam Avenue",
"792 Nunc St.",
"792-6298 At Street",
"7980 Et Street",
"7987 Diam Avenue",
"800 Eget, Avenue",
"803-3873 Nibh Avenue",
"8037 Vel Rd.",
"805-3831 Phasellus Rd.",
"805-4057 Sed Avenue",
"806 Maecenas Rd.",
"806-1641 Ligula. Av.",
"806-2737 Sed, Street",
"808-8375 Massa St.",
"8080 Hendrerit. Street",
"8101 Nec Road",
"811-4751 Porttitor St.",
"8129 Dui Street",
"818-4291 In St.",
"8204 Tellus Road",
"822-7103 Dolor. Av.",
"8232 Mauris Street",
"8269 Nec, St.",
"8304 Lorem, Av.",
"836-9333 Luctus Ave",
"8418 Vestibulum, St.",
"842-4406 Et Street",
"8425 Nunc Road",
"843-4526 Risus. St.",
"8444 Vel, St.",
"8447 Quis, Ave",
"8453 Dis St.",
"8470 Lectus, St.",
"848-4573 Et Avenue",
"8497 Conubia Street",
"857-6713 Curabitur Street",
"861-4443 Suspendisse Street",
"864 Egestas. Rd.",
"8659 Tellus Street",
"8667 Iaculis Av.",
"869 Varius Av.",
"869-1489 Pharetra St.",
"8718 Lacus. Rd.",
"8719 Nec Rd.",
"874-8648 Vel, Avenue",
"8768 Accumsan St.",
"8780 Pede, Road",
"8789 Nisi Rd.",
"885-773 Arcu. Rd.",
"8850 Urna Road",
"886-2099 Senectus St.",
"889 Suspendisse St.",
"8918 Elit, St.",
"8921 Scelerisque Street",
"894-1548 Ipsum Road",
"8946 Ut St.",
"8952 Sit Av.",
"8984 Aliquet Rd.",
"901-4118 Dignissim Rd.",
"903-6364 Gravida Avenue",
"9036 Nibh Street",
"9040 Eu Avenue",
"9087 At, Rd.",
"912-280 Sagittis Rd.",
"9139 Libero Street",
"914-4397 Arcu. Street",
"917-2780 Aliquet Ave",
"917-8690 Feugiat Avenue",
"9220 Tempus Rd.",
"925-9879 Non Rd.",
"926-1311 Netus Avenue",
"9277 Cursus Road",
"9309 Nunc. Rd.",
"933-9716 Lorem Ave",
"934-5586 Tincidunt Rd.",
"9371 Suscipit Ave",
"938-6277 Mi Ave",
"9395 Nisi. Street",
"940-3111 Lectus. Rd.",
"943-469 Non, Avenue",
"943-5423 Volutpat Avenue",
"9433 Est St.",
"945-3190 Ante, Street",
"9477 Arcu. Rd.",
"9498 Nisi St.",
"950-171 Dui. Avenue",
"950-9963 Dolor, Av.",
"9508 Pretium Av.",
"951-4966 Lorem, Road",
"952-103 Odio St.",
"954-2099 Phasellus Street",
"956-7780 Tristique Av.",
"957-3154 Cursus Ave",
"957-595 Sed St.",
"9618 Vulputate Rd.",
"962-1034 Eleifend Av.",
"963-7591 Diam. Avenue",
"965 Magnis Road",
"9656 Mauris Avenue",
"967-456 Donec Av.",
"968-1000 Lorem Rd.",
"9694 Odio St.",
"9721 Aliquam Road",
"9724 Mollis. St.",
"976-4535 Quis, Rd.",
"977-4959 Est Street",
"977-9202 Nec Rd.",
"9780 Enim, Rd.",
"979-3052 Sem. Rd.",
"9810 Ante, Rd.",
"986-1871 Consectetuer, Street",
"987-3478 Risus Street",
"989-1309 Neque Rd.",
"9894 Congue Av.",
"9896 Malesuada Road",
"9912 Duis St.",
"9932 Dui, Rd.",
"9985 Vulputate, St.",
"999-4423 Mi. Rd.",
"Ap #100-1020 Sollicitudin Ave",
"Ap #100-6159 Ipsum Avenue",
"Ap #113-2600 Fusce Av.",
"Ap #114-7807 Quisque Road",
"Ap #116-5013 Sed St.",
"Ap #121-8464 Risus St.",
"Ap #124-618 Cum Avenue",
"Ap #127-5265 Est Rd.",
"Ap #128-7934 Egestas Rd.",
"Ap #133-7694 Eleifend Ave",
"Ap #137-1712 Arcu Avenue",
"Ap #138-1066 Amet Road",
"Ap #140-4429 Magnis Rd.",
"Ap #141-2070 Cursus St.",
"Ap #142-6074 Integer Street",
"Ap #147-2407 Sem Rd.",
"Ap #154-5329 Nisi Avenue",
"Ap #166-1184 Sociis Avenue",
"Ap #177-5009 In Rd.",
"Ap #181-8745 Luctus St.",
"Ap #185-2666 Dui Rd.",
"Ap #186-3978 Phasellus Rd.",
"Ap #187-8152 Ornare, St.",
"Ap #188-2434 Sagittis Rd.",
"Ap #192-954 Donec Ave",
"Ap #194-2892 Ridiculus St.",
"Ap #194-3239 A, St.",
"Ap #195-5671 Gravida Av.",
"Ap #196-7553 Suspendisse Av.",
"Ap #200-380 Semper Av.",
"Ap #201-4901 In St.",
"Ap #202-2588 In St.",
"Ap #204-7907 Non Rd.",
"Ap #214-4486 Tristique Rd.",
"Ap #222-7369 Donec Rd.",
"Ap #222-7710 Dignissim. Av.",
"Ap #228-7538 Enim St.",
"Ap #230-293 Sem. Road",
"Ap #243-9088 Nec Street",
"Ap #244-5523 Mauris, Av.",
"Ap #247-6589 Nec Ave",
"Ap #249-5876 Magna. Rd.",
"Ap #253-4850 Nullam Rd.",
"Ap #253-6584 Aliquet Rd.",
"Ap #255-1775 Est, Avenue",
"Ap #261-7442 Nullam Road",
"Ap #262-5147 Non, Ave",
"Ap #267-2331 Enim Av.",
"Ap #271-3217 Eget Av.",
"Ap #272-5089 Hendrerit Av.",
"Ap #274-7722 Mus. Rd.",
"Ap #282-6400 Tristique Street",
"Ap #284-9045 Malesuada St.",
"Ap #285-691 Ultrices. Road",
"Ap #286-7181 Venenatis St.",
"Ap #288-5623 Sollicitudin Street",
"Ap #291-8378 Suspendisse Ave",
"Ap #296-8203 Curabitur Av.",
"Ap #297-2740 Aliquam Street",
"Ap #299-9813 Lectus St.",
"Ap #300-3615 Mauris. St.",
"Ap #300-4761 Iaculis, Rd.",
"Ap #301-1910 Augue Street",
"Ap #304-433 Eget, St.",
"Ap #304-7629 Nunc Ave",
"Ap #305-4246 Non Av.",
"Ap #310-3620 Fringilla Rd.",
"Ap #318-336 Dui. Street",
"Ap #323-6242 Quis Rd.",
"Ap #327-4220 Phasellus Ave",
"Ap #331-2444 Eget Rd.",
"Ap #336-2970 Ipsum. Av.",
"Ap #338-4578 Ut, Avenue",
"Ap #339-7549 Odio Street",
"Ap #340-1643 Luctus St.",
"Ap #340-3371 Facilisis Avenue",
"Ap #340-4588 Natoque Rd.",
"Ap #342-9471 Suspendisse St.",
"Ap #343-959 Lobortis Street",
"Ap #345-5596 Non, St.",
"Ap #366-7965 Sem Road",
"Ap #371-8023 Eu Rd.",
"Ap #385-495 Suspendisse St.",
"Ap #386-2178 Augue Avenue",
"Ap #389-750 Id Rd.",
"Ap #390-9534 Tempus Rd.",
"Ap #391-2217 At Rd.",
"Ap #393-4268 Eu Street",
"Ap #395-4757 Volutpat. Rd.",
"Ap #400-2663 Ullamcorper. Road",
"Ap #400-6376 Enim. Ave",
"Ap #400-732 Lacus, Rd.",
"Ap #403-9651 Phasellus Rd.",
"Ap #406-4499 Arcu. St.",
"Ap #408-9586 Blandit. Avenue",
"Ap #409-6817 Ultrices. Rd.",
"Ap #413-5736 Arcu. Ave",
"Ap #414-1084 Cras Ave",
"Ap #422-128 Ullamcorper Rd.",
"Ap #422-7075 Orci, Avenue",
"Ap #434-2417 Senectus Av.",
"Ap #448-1086 Fusce Av.",
"Ap #455-5904 Luctus Ave",
"Ap #461-5719 Montes, Rd.",
"Ap #462-1056 Urna, Avenue",
"Ap #475-4868 Cras Ave",
"Ap #478-5610 Odio Ave",
"Ap #479-6449 Nisi. Road",
"Ap #480-5365 Penatibus Rd.",
"Ap #485-3719 Magna. Rd.",
"Ap #489-412 Egestas. Avenue",
"Ap #498-150 Dolor. Ave",
"Ap #498-4243 Nisi. Ave",
"Ap #500-4128 Pede St.",
"Ap #500-4298 Lacus. Rd.",
"Ap #500-7058 Cras Ave",
"Ap #503-8361 Arcu. Road",
"Ap #506-3571 Nonummy Avenue",
"Ap #514-5197 Fusce Avenue",
"Ap #515-3084 Quam St.",
"Ap #518-8308 Lacus St.",
"Ap #519-3666 Eu, Ave",
"Ap #522-7952 Nunc Avenue",
"Ap #526-2527 Ipsum Rd.",
"Ap #528-3178 Posuere Street",
"Ap #528-5598 Id Rd.",
"Ap #531-151 Metus Avenue",
"Ap #535-7695 Fringilla Street",
"Ap #548-3334 Congue St.",
"Ap #548-7738 Ante. Rd.",
"Ap #555-8008 Egestas. Rd.",
"Ap #563-2209 Malesuada St.",
"Ap #567-7347 Odio Rd.",
"Ap #571-5147 Mollis St.",
"Ap #572-4695 Lorem St.",
"Ap #575-7292 Proin Rd.",
"Ap #577-1637 Ac St.",
"Ap #586-940 Nunc Road",
"Ap #587-3717 Et St.",
"Ap #589-9654 Erat Street",
"Ap #590-6177 Ipsum St.",
"Ap #595-1170 Lorem, Rd.",
"Ap #597-2199 Ipsum Av.",
"Ap #598-6067 Hendrerit. Rd.",
"Ap #606-5462 Molestie Rd.",
"Ap #610-7644 Auctor, St.",
"Ap #613-3144 Vestibulum Road",
"Ap #613-8133 Natoque Ave",
"Ap #615-4436 Praesent St.",
"Ap #615-4730 Aenean St.",
"Ap #616-4804 Mauris Avenue",
"Ap #617-1528 Duis Av.",
"Ap #635-7521 Nunc Av.",
"Ap #642-2214 Nulla Ave",
"Ap #644-7559 Duis Road",
"Ap #651-4778 Tincidunt Ave",
"Ap #654-1752 Ante Avenue",
"Ap #654-1903 Purus Street",
"Ap #660-2157 Aliquet Road",
"Ap #665-8494 Ac, St.",
"Ap #666-7479 Mi. Avenue",
"Ap #668-7319 Tincidunt Road",
"Ap #672-6709 Nunc Road",
"Ap #677-5383 Quisque Road",
"Ap #677-8160 Odio. Rd.",
"Ap #680-4940 Ipsum St.",
"Ap #681-3568 Non, Road",
"Ap #683-4456 Hendrerit. Road",
"Ap #686-426 Enim Rd.",
"Ap #687-1059 Nam Street",
"Ap #690-4883 Fusce St.",
"Ap #690-8350 Malesuada Rd.",
"Ap #696-9183 Et Road",
"Ap #702-4963 Iaculis Road",
"Ap #708-9644 Turpis Rd.",
"Ap #711-3145 Natoque Rd.",
"Ap #714-3626 Eget, Road",
"Ap #719-3346 Ac Ave",
"Ap #722-6823 Nulla St.",
"Ap #723-523 Ultricies St.",
"Ap #723-5871 Faucibus St.",
"Ap #732-7475 Aliquam Street",
"Ap #739-8383 Vestibulum Street",
"Ap #744-3642 Eu Road",
"Ap #746-3701 Arcu. St.",
"Ap #746-5011 Cum St.",
"Ap #751-3914 Cum Rd.",
"Ap #758-8169 In Street",
"Ap #765-7063 Nunc Street",
"Ap #766-9767 Etiam Rd.",
"Ap #768-2234 Ornare. Street",
"Ap #771-5977 Ut, Street",
"Ap #772-3407 Lectus St.",
"Ap #775-7868 Suscipit, Street",
"Ap #776-9951 Tincidunt St.",
"Ap #779-3266 Maecenas Rd.",
"Ap #781-1741 Sem. St.",
"Ap #784-118 Quisque Avenue",
"Ap #795-4009 Ipsum Street",
"Ap #795-7837 Imperdiet Rd.",
"Ap #796-6863 Nulla Avenue",
"Ap #801-3086 Blandit St.",
"Ap #804-5597 Ipsum. St.",
"Ap #804-8487 Consectetuer Ave",
"Ap #805-420 Cursus St.",
"Ap #808-6673 Non Street",
"Ap #810-1585 Nunc Road",
"Ap #810-2955 Sit Av.",
"Ap #810-4518 Orci, Avenue",
"Ap #813-7190 Quis Av.",
"Ap #814-1929 Proin Avenue",
"Ap #815-911 Posuere Road",
"Ap #822-9897 Molestie. Street",
"Ap #824-2501 Ut Rd.",
"Ap #824-6010 Vehicula Street",
"Ap #825-8923 Molestie Ave",
"Ap #826-4093 Elit, Road",
"Ap #828-1656 Et St.",
"Ap #829-4631 Praesent Street",
"Ap #833-4978 Morbi Street",
"Ap #841-9677 Magnis Street",
"Ap #843-636 Mattis Ave",
"Ap #846-2237 Elit. Rd.",
"Ap #847-949 Consectetuer Rd.",
"Ap #849-6582 Ut Rd.",
"Ap #855-4737 Ac Ave",
"Ap #855-9090 Enim. Street",
"Ap #861-9051 Non Av.",
"Ap #861-9159 Mollis Rd.",
"Ap #865-3325 Vel Rd.",
"Ap #865-3810 Ac St.",
"Ap #865-7425 Fringilla Road",
"Ap #866-7011 Sagittis. Street",
"Ap #881-9768 Mi Av.",
"Ap #883-1163 Aliquet Rd.",
"Ap #886-5923 Pede Ave",
"Ap #888-3625 Libero. Rd.",
"Ap #895-5532 Diam. St.",
"Ap #898-9810 Leo, St.",
"Ap #900-7661 Nisi Road",
"Ap #902-4366 Accumsan Ave",
"Ap #902-8870 Congue, Rd.",
"Ap #905-406 Luctus Av.",
"Ap #908-2807 Ut, Ave",
"Ap #910-4206 Tellus, Rd.",
"Ap #916-480 Ullamcorper St.",
"Ap #925-9259 Proin Street",
"Ap #926-2058 Mauris Rd.",
"Ap #928-1141 Nec Ave",
"Ap #934-6877 Nibh. Rd.",
"Ap #936-8317 Montes, Av.",
"Ap #941-8318 Fusce St.",
"Ap #942-7828 Ullamcorper Rd.",
"Ap #948-5608 Magnis St.",
"Ap #948-678 Mauris St.",
"Ap #948-8103 Erat St.",
"Ap #949-5188 Sagittis. Avenue",
"Ap #950-5648 Mi Av.",
"Ap #951-7379 Lobortis. Rd.",
"Ap #955-4370 Elementum Av.",
"Ap #964-4520 Velit St.",
"Ap #964-7232 Nisi St.",
"Ap #968-5000 Pellentesque Road",
"Ap #969-1620 Curabitur Avenue",
"Ap #973-7663 Hendrerit Avenue",
"Ap #981-5551 Orci, Avenue",
"Ap #998-4299 Semper Street",
"Ap #998-5481 Nibh. St.",
"P.O. Box 101, 4842 Arcu Rd.",
"P.O. Box 115, 4326 Ut Av.",
"P.O. Box 117, 8656 Tortor Rd.",
"P.O. Box 119, 9263 Sed Rd.",
"P.O. Box 126, 3866 Sed Road",
"P.O. Box 128, 887 Vel, Ave",
"P.O. Box 129, 7692 Proin Av.",
"P.O. Box 132, 2889 Et Rd.",
"P.O. Box 136, 496 Fringilla, Av.",
"P.O. Box 141, 6473 Nisi St.",
"P.O. Box 154, 1716 Tellus St.",
"P.O. Box 154, 9137 Rutrum St.",
"P.O. Box 158, 1995 Cursus, Street",
"P.O. Box 160, 9944 Arcu. Street",
"P.O. Box 168, 8988 Mauris St.",
"P.O. Box 169, 2135 Porttitor Rd.",
"P.O. Box 180, 1028 Cras St.",
"P.O. Box 180, 5750 Neque Rd.",
"P.O. Box 186, 5343 Aliquet St.",
"P.O. Box 186, 7754 Lorem. Rd.",
"P.O. Box 193, 7780 Neque. Avenue",
"P.O. Box 209, 3173 Tempor Street",
"P.O. Box 214, 6554 Augue St.",
"P.O. Box 221, 9514 Augue. Rd.",
"P.O. Box 227, 2555 Massa. Road",
"P.O. Box 231, 3827 Nibh. St.",
"P.O. Box 236, 6468 Dapibus Avenue",
"P.O. Box 247, 9500 Eget St.",
"P.O. Box 252, 3637 Dui Ave",
"P.O. Box 252, 9899 Interdum Av.",
"P.O. Box 263, 2134 Tempor Rd.",
"P.O. Box 263, 4557 Laoreet Rd.",
"P.O. Box 265, 6861 Mi Avenue",
"P.O. Box 266, 2749 Lectus. Street",
"P.O. Box 266, 7627 In Ave",
"P.O. Box 268, 2651 Non Street",
"P.O. Box 268, 7719 Enim Rd.",
"P.O. Box 269, 9228 Dolor. Rd.",
"P.O. Box 276, 9508 Nunc Road",
"P.O. Box 276, 9833 Euismod Rd.",
"P.O. Box 277, 1348 Ut Av.",
"P.O. Box 281, 6636 Sagittis Ave",
"P.O. Box 286, 6564 Purus. Road",
"P.O. Box 287, 132 At St.",
"P.O. Box 288, 2940 Ac Street",
"P.O. Box 294, 4993 Odio Rd.",
"P.O. Box 301, 6454 Ante Street",
"P.O. Box 303, 1055 Lacus. Ave",
"P.O. Box 303, 1597 Nunc Ave",
"P.O. Box 303, 2577 Aenean St.",
"P.O. Box 305, 5203 Elit, Rd.",
"P.O. Box 305, 6823 Pharetra St.",
"P.O. Box 305, 8664 Turpis Rd.",
"P.O. Box 309, 3351 Vel, Av.",
"P.O. Box 309, 9166 Integer Av.",
"P.O. Box 312, 1816 Vestibulum Rd.",
"P.O. Box 315, 1873 Suscipit Av.",
"P.O. Box 316, 4896 Cras Avenue",
"P.O. Box 321, 5334 Tincidunt, Ave",
"P.O. Box 324, 411 Dis Rd.",
"P.O. Box 328, 5435 Nec, Rd.",
"P.O. Box 335, 1154 Mollis Av.",
"P.O. Box 336, 5352 Nullam St.",
"P.O. Box 337, 2097 Phasellus Av.",
"P.O. Box 340, 5145 Nulla. Rd.",
"P.O. Box 340, 6874 Auctor Street",
"P.O. Box 346, 6157 Netus St.",
"P.O. Box 347, 8491 Dui Road",
"P.O. Box 352, 5437 Montes, Ave",
"P.O. Box 355, 3252 Ut, Avenue",
"P.O. Box 363, 1603 Nunc St.",
"P.O. Box 371, 505 Praesent Street",
"P.O. Box 372, 6555 Rutrum, Ave",
"P.O. Box 375, 3296 At, St.",
"P.O. Box 377, 5872 Nibh St.",
"P.O. Box 380, 5959 Ridiculus St.",
"P.O. Box 381, 5146 Id, Rd.",
"P.O. Box 381, 7913 Ut Rd.",
"P.O. Box 382, 7424 Erat Street",
"P.O. Box 384, 6499 Eu, Avenue",
"P.O. Box 388, 1296 Mauris Rd.",
"P.O. Box 392, 7437 Amet, Road",
"P.O. Box 395, 5258 Purus. Avenue",
"P.O. Box 395, 6357 Donec Street",
"P.O. Box 397, 8218 Molestie Street",
"P.O. Box 398, 6936 Tempus St.",
"P.O. Box 400, 4881 Sociis Rd.",
"P.O. Box 401, 7637 Eu Rd.",
"P.O. Box 423, 4621 Nunc Ave",
"P.O. Box 423, 6461 Cras St.",
"P.O. Box 432, 2695 Turpis Street",
"P.O. Box 436, 4058 Eget Ave",
"P.O. Box 439, 8614 Ad Ave",
"P.O. Box 440, 3983 Blandit Road",
"P.O. Box 444, 2907 Non, Street",
"P.O. Box 461, 1528 Magna. Av.",
"P.O. Box 464, 4669 Aliquet Street",
"P.O. Box 466, 2071 Mauris, Road",
"P.O. Box 467, 3654 Molestie Ave",
"P.O. Box 467, 4064 Ut Ave",
"P.O. Box 468, 8154 Vestibulum Av.",
"P.O. Box 472, 9543 Eu Rd.",
"P.O. Box 474, 1204 Lacus. Rd.",
"P.O. Box 480, 6815 Vel, Road",
"P.O. Box 480, 738 Pellentesque St.",
"P.O. Box 480, 7940 Etiam Road",
"P.O. Box 486, 9278 Aliquam Avenue",
"P.O. Box 487, 2204 Tellus. Avenue",
"P.O. Box 507, 3757 Nam St.",
"P.O. Box 509, 1444 Dictum Ave",
"P.O. Box 511, 4483 Ornare Rd.",
"P.O. Box 520, 270 Amet St.",
"P.O. Box 523, 4804 Gravida Rd.",
"P.O. Box 523, 6309 Auctor, Avenue",
"P.O. Box 526, 2613 Odio. Avenue",
"P.O. Box 541, 4002 Sit St.",
"P.O. Box 542, 7421 Dignissim Rd.",
"P.O. Box 544, 344 Lorem Road",
"P.O. Box 545, 6567 Sed Road",
"P.O. Box 546, 6812 Sem Ave",
"P.O. Box 547, 5346 Non St.",
"P.O. Box 547, 9773 Risus. Rd.",
"P.O. Box 551, 7799 Tincidunt St.",
"P.O. Box 559, 3735 Sodales. Street",
"P.O. Box 560, 3381 Ridiculus St.",
"P.O. Box 561, 6076 Magna. Av.",
"P.O. Box 566, 7431 Laoreet, St.",
"P.O. Box 571, 4733 Non, Street",
"P.O. Box 573, 2683 Congue. Ave",
"P.O. Box 578, 3911 Imperdiet Rd.",
"P.O. Box 579, 6007 Ante. Road",
"P.O. Box 585, 8865 Parturient Av.",
"P.O. Box 594, 111 Duis Ave",
"P.O. Box 595, 4359 Volutpat. Road",
"P.O. Box 600, 3438 Gravida. Av.",
"P.O. Box 603, 2576 Id Street",
"P.O. Box 606, 9065 Sed St.",
"P.O. Box 613, 254 Phasellus Avenue",
"P.O. Box 614, 7893 Orci Rd.",
"P.O. Box 616, 5444 Non Road",
"P.O. Box 618, 9042 Blandit St.",
"P.O. Box 619, 3490 At Rd.",
"P.O. Box 619, 4125 Nisi. St.",
"P.O. Box 621, 307 Ipsum Road",
"P.O. Box 623, 6126 Enim Av.",
"P.O. Box 627, 1094 Urna Road",
"P.O. Box 627, 9306 Consequat Avenue",
"P.O. Box 631, 6765 Non Street",
"P.O. Box 637, 1040 Fringilla Rd.",
"P.O. Box 638, 9206 Interdum. Avenue",
"P.O. Box 638, 9677 Convallis Road",
"P.O. Box 645, 2473 Suspendisse Av.",
"P.O. Box 647, 8329 Diam Avenue",
"P.O. Box 655, 9519 Eu Road",
"P.O. Box 659, 2402 Etiam Av.",
"P.O. Box 663, 5977 Pede Av.",
"P.O. Box 665, 2244 Suscipit Ave",
"P.O. Box 665, 9433 Non Av.",
"P.O. Box 666, 9952 Dapibus Ave",
"P.O. Box 670, 4020 Primis St.",
"P.O. Box 675, 4520 Tristique Ave",
"P.O. Box 678, 1692 Fringilla Street",
"P.O. Box 683, 2204 Sed Avenue",
"P.O. Box 685, 6306 In St.",
"P.O. Box 687, 6935 Mauris Road",
"P.O. Box 692, 5436 Est Road",
"P.O. Box 695, 6226 Ligula. Rd.",
"P.O. Box 702, 222 Sed Avenue",
"P.O. Box 706, 5691 Elit. Av.",
"P.O. Box 707, 8880 Nam Av.",
"P.O. Box 709, 8954 Aliquam Av.",
"P.O. Box 710, 7787 At Ave",
"P.O. Box 710, 8022 Ultrices Rd.",
"P.O. Box 712, 6182 Odio. Rd.",
"P.O. Box 713, 1173 Cum St.",
"P.O. Box 716, 3262 Morbi Avenue",
"P.O. Box 720, 624 Blandit Av.",
"P.O. Box 724, 1076 In Road",
"P.O. Box 724, 731 Pharetra Avenue",
"P.O. Box 728, 5767 Mi Road",
"P.O. Box 728, 6079 Et Rd.",
"P.O. Box 730, 8356 Malesuada Avenue",
"P.O. Box 733, 7959 Nec Avenue",
"P.O. Box 734, 2598 Ac St.",
"P.O. Box 742, 7769 Placerat, Road",
"P.O. Box 745, 4399 Neque Street",
"P.O. Box 747, 6877 Amet Street",
"P.O. Box 760, 5356 Commodo Rd.",
"P.O. Box 761, 4189 Penatibus Street",
"P.O. Box 769, 8544 Semper, Street",
"P.O. Box 772, 5333 Sagittis Rd.",
"P.O. Box 772, 8358 Nec Street",
"P.O. Box 774, 4346 Luctus Rd.",
"P.O. Box 777, 4384 Magna Ave",
"P.O. Box 777, 9661 Lobortis Street",
"P.O. Box 781, 3278 Ut, Rd.",
"P.O. Box 783, 6939 Malesuada Street",
"P.O. Box 789, 5742 Lacus. St.",
"P.O. Box 795, 2991 A Av.",
"P.O. Box 795, 496 Egestas Ave",
"P.O. Box 796, 4248 Curabitur St.",
"P.O. Box 807, 9229 Aliquet St.",
"P.O. Box 808, 1157 Quam. St.",
"P.O. Box 817, 2998 Erat. Road",
"P.O. Box 829, 6082 Vehicula. St.",
"P.O. Box 834, 1729 Convallis Av.",
"P.O. Box 839, 5416 Porttitor Street",
"P.O. Box 840, 948 Sapien St.",
"P.O. Box 852, 937 Commodo Rd.",
"P.O. Box 853, 9163 Ornare, Rd.",
"P.O. Box 864, 4971 Gravida St.",
"P.O. Box 865, 1787 Tellus St.",
"P.O. Box 865, 3874 Pulvinar Rd.",
"P.O. Box 866, 8473 Risus. Ave",
"P.O. Box 870, 7081 Elit Ave",
"P.O. Box 870, 9422 Adipiscing Rd.",
"P.O. Box 871, 1962 Molestie St.",
"P.O. Box 876, 7346 Tincidunt, Road",
"P.O. Box 881, 1587 Mollis. Rd.",
"P.O. Box 891, 4417 Turpis. Rd.",
"P.O. Box 900, 8563 Ut Av.",
"P.O. Box 903, 3926 Enim St.",
"P.O. Box 909, 2837 Turpis Av.",
"P.O. Box 913, 5490 Fusce Avenue",
"P.O. Box 919, 7310 Lorem Rd.",
"P.O. Box 923, 1300 Bibendum St.",
"P.O. Box 923, 5807 Auctor. Rd.",
"P.O. Box 923, 8978 Ornare Street",
"P.O. Box 924, 8573 Ac Avenue",
"P.O. Box 925, 802 Dui Av.",
"P.O. Box 930, 4129 In, Street",
"P.O. Box 933, 4865 Libero St.",
"P.O. Box 935, 4975 Vulputate Road",
"P.O. Box 936, 1881 Dolor St.",
"P.O. Box 942, 2133 Aliquet. Street",
"P.O. Box 946, 7328 Magnis Av.",
"P.O. Box 950, 1339 Velit Av.",
"P.O. Box 951, 6929 Et Street",
"P.O. Box 956, 5351 Imperdiet St.",
"P.O. Box 957, 8856 Fusce St.",
"P.O. Box 960, 2234 Faucibus Ave",
"P.O. Box 960, 6380 Massa. St.",
"P.O. Box 964, 7774 Velit St.",
"P.O. Box 966, 3911 Neque Road",
"P.O. Box 967, 8001 Et Ave",
"P.O. Box 977, 339 Malesuada Rd.",
"P.O. Box 978, 5121 Tempus Road",
"P.O. Box 982, 7588 Fermentum Avenue",
"P.O. Box 985, 8863 Phasellus Av.",
"P.O. Box 986, 9270 Sed Rd.",
"P.O. Box 991, 442 Dignissim Avenue",
"P.O. Box 994, 7663 Molestie. Ave"